Workbook

Sheet Sprint Backlog
A1: ID | B1: Screen / Epic | C1: Priority | D1: As a... | E1: I want to... | F1: So that... | G1: Acceptance Criteria | H1: Development Tasks | I1: Story Points | J1: Sprint | K1: Status | L1: Estimated Time (hrs) | M1: Source
A2: FND-1 | B2: Foundation | C2: 1 | D2: Developer | E2: a JavaFX project with a scene manager that switches between the three screens | F2: every screen shares one navigation path and one window | G2: App launches on Login; scene manager can load Login, Device Selection and Admin Dashboard FXML views; session holds the signed-in user. | H2: Create Maven/Gradle JavaFX project; build SceneManager; build Session class; stub 3 FXML views. | I2: 3 | J2: Sprint 1 | K2: Not Started | L2: 0.5 | M2: New
A3: FND-2 | B3: Foundation | C3: 1 | D3: Developer | E3: domain classes for User, Device, Department, Building, Role and DeviceStatus | F3: all screens use the same data model | G3: Device holds asset ID, serial number, type, manufacturer, model, department, building, room, status, assigned user, checkout date, due date and allowed roles. Status limited to Active/Repairable/Broken. | H3: Write model classes and enums; add validation in constructors/setters; add equals/hashCode on asset ID. | I3: 3 | J3: Sprint 1 | K3: Not Started | L3: 0.5 | M3: Refined (README: Device records)
A4: FND-3 | B4: Foundation | C4: 1 | D4: Developer | E4: a repository layer for users and devices | F4: screens can create, read, update and delete records without knowing the storage details | G4: DeviceRepository and UserRepository support CRUD; swappable between in-memory and file/DB storage; duplicate asset ID or serial number rejected. | H4: Define repository interfaces; implement in-memory version; add duplicate checks. | I4: 3 | J4: Sprint 1 | K4: Not Started | L4: 0.5 | M4: New
A5: FND-4 | B5: Foundation | C5: 1 | D5: Developer | E5: seed sample users and devices on startup | F5: the screens can be demonstrated and tested right away | G5: At least 2 students, 2 staff, 2 professors, 1 admin; 15+ devices across all departments and several buildings; at least one overdue assignment. | H5: Create SeedData class with sample users (valid westga.edu emails) and devices. | I5: 2 | J5: Sprint 1 | K5: Not Started | L5: 0.5 | M5: New
A6: FND-5 | B6: Foundation | C6: 1 | D6: Developer | E6: unit tests for the core business rules | F6: email, overdue and role-eligibility rules are verified before the GUI uses them | G6: Tests pass for: westga.edu validation, overdue check, role-eligibility check, status validation, available-device check. | H6: Write JUnit tests; create ValidationService, EligibilityService. | I6: 3 | J6: Sprint 1 | K6: Not Started | L6: 0.5 | M6: Refined (README: Core Rules)
A7: LOG-1 | B7: Login | C7: 1 | D7: University User (Student/Staff/Professor) | E7: sign in with my university email and password | F7: I can securely access the inventory system | G7: Login screen has email, password (masked), department selector and Sign In button. Valid credentials open the correct next screen; invalid credentials show a message and stay on Login. | H7: Build login.fxml; build LoginController; add AuthService to check credentials against UserRepository. | I7: 3 | J7: Sprint 1 | K7: Not Started | L7: 0.5 | M7: README P1: sign in
A8: LOG-2 | B8: Login | C8: 1 | D8: University User (Student/Staff/Professor) | E8: have the system validate that my email ends in westga.edu | F8: only users with valid university credentials can use protected features | G8: Email is trimmed and checked case-insensitively; anything not ending in westga.edu is rejected with "Please use your westga.edu email address" before any credential check. | H8: Implement isValidUniversityEmail(); wire to Sign In and to field-level validation. | I8: 2 | J8: Sprint 1 | K8: Not Started | L8: 0.5 | M8: README P1: validate email
A9: LOG-3 | B9: Login | C9: 1 | D9: University User (Student/Staff/Professor) | E9: choose my department from a fixed list when signing in | F9: my device assignments are tied to the correct department | G9: Dropdown shows the set list of departments (see Reference Data); required for students, staff and professors; selected department is stored in the session. | H9: Add ComboBox populated from Department enum; require selection; save to Session. | I9: 2 | J9: Sprint 1 | K9: Not Started | L9: 0.5 | M9: README P1: department at sign-in
A10: LOG-4 | B10: Login | C10: 1 | D10: University User (Student/Staff/Professor) | E10: send administrators to the admin dashboard and everyone else to device selection | F10: I only see the screen meant for my role | G10: Admin role opens Admin Dashboard; Student, Staff and Professor open Device Selection; admins are not forced to choose a department. | H10: Add role-based routing in LoginController using SceneManager. | I10: 3 | J10: Sprint 1 | K10: Not Started | L10: 0.5 | M10: Refined (README P3: roles)
A11: LOG-5 | B11: Login | C11: 4 | D11: University User (Student/Staff/Professor) | E11: see validation messages for blank or invalid fields | F11: I can correct my information before submitting | G11: Blank email, blank password or missing department each show an inline message; Sign In stays disabled or blocked until fixed; password is never shown in messages. | H11: Add inline error labels; add field-level checks in controller. | I11: 2 | J11: Sprint 2 | K11: Not Started | L11: 0.5 | M11: README P4: validation messages
A12: LOG-6 | B12: Login | C12: 3 | D12: University User (Student/Staff/Professor) | E12: sign out from any screen | F12: the next person using the computer cannot access my account | G12: Sign Out button on Device Selection and Admin Dashboard clears the session and returns to Login. | H12: Add Sign Out button; add Session.clear(); navigate to Login. | I12: 1 | J12: Sprint 2 | K12: Not Started | L12: 0.25 | M12: README P3: sign out
A13: DEV-1 | B13: Device Selection | C13: 1 | D13: University User (Student/Staff/Professor) | E13: view available devices for my department | F13: I can pick equipment that is not already assigned or unavailable | G13: Table lists asset ID, type, manufacturer, model, building, room and status for devices that are unassigned, Active and in my department; assigned/Broken/Repairable devices are not selectable. | H13: Build device_selection.fxml with TableView; query repository by department and availability. | I13: 5 | J13: Sprint 1 | K13: Not Started | L13: 1 | M13: README P1: view available devices
... A30: ADM-9 | B30: Admin Dashboard | C30: 1 | D30: Inventory Administrator | E30: have this screen restricted to administrator accounts | F30: create, edit and delete actions cannot be used by students, staff or professors | G30: Non-admin roles cannot open the dashboard; service-layer create/update/delete also reject non-admin callers with a clear message. | H30: Add role guard in SceneManager and DeviceService. | I30: 2 | J30: Sprint 2 | K30: Not Started | L30: 0.5 | M30: README P3: restrict actions

Sheet Sprint Summary
A1: Screen / Epic | B1: Stories | C1: Story Points | D1: Points Done | E1: % Complete | F1: Est. Hours
A2: Foundation | B2: =COUNTIF('Sprint Backlog'!$B$2:$B$30,A2) -> 5 | C2: =SUMIF('Sprint Backlog'!$B$2:$B$30,A2,'Sprint Backlog'!$I$2:$I$30) -> 14 | D2: =SUMIFS('Sprint Backlog'!$I$2:$I$30,'Sprint Backlog'!$B$2:$B$30,A2,'Sprint Backlog'!$K$2:$K$30,"Done") -> 0 | E2: =IF(C2=0,0,D2/C2) -> 0 | F2: =SUMIF('Sprint Backlog'!$B$2:$B$30,A2,'Sprint Backlog'!$L$2:$L$30) -> 2.5
A3: Login | B3: =COUNTIF('Sprint Backlog'!$B$2:$B$30,A3) -> 6 | C3: =SUMIF('Sprint Backlog'!$B$2:$B$30,A3,'Sprint Backlog'!$I$2:$I$30) -> 13 | D3: =SUMIFS('Sprint Backlog'!$I$2:$I$30,'Sprint Backlog'!$B$2:$B$30,A3,'Sprint Backlog'!$K$2:$K$30,"Done") -> 0 | E3: =IF(C3=0,0,D3/C3) -> 0 | F3: =SUMIF('Sprint Backlog'!$B$2:$B$30,A3,'Sprint Backlog'!$L$2:$L$30) -> 2.75
A4: Device Selection | B4: =COUNTIF('Sprint Backlog'!$B$2:$B$30,A4) -> 9 | C4: =SUMIF('Sprint Backlog'!$B$2:$B$30,A4,'Sprint Backlog'!$I$2:$I$30) -> 26 | D4: =SUMIFS('Sprint Backlog'!$I$2:$I$30,'Sprint Backlog'!$B$2:$B$30,A4,'Sprint Backlog'!$K$2:$K$30,"Done") -> 0 | E4: =IF(C4=0,0,D4/C4) -> 0 | F4: =SUMIF('Sprint Backlog'!$B$2:$B$30,A4,'Sprint Backlog'!$L$2:$L$30) -> 5.25
A5: Admin Dashboard | B5: =COUNTIF('Sprint Backlog'!$B$2:$B$30,A5) -> 9 | C5: =SUMIF('Sprint Backlog'!$B$2:$B$30,A5,'Sprint Backlog'!$I$2:$I$30) -> 28 | D5: =SUMIFS('Sprint Backlog'!$I$2:$I$30,'Sprint Backlog'!$B$2:$B$30,A5,'Sprint Backlog'!$K$2:$K$30,"Done") -> 0 | E5: =IF(C5=0,0,D5/C5) -> 0 | F5: =SUMIF('Sprint Backlog'!$B$2:$B$30,A5,'Sprint Backlog'!$L$2:$L$30) -> 5.5
A6: Total | B6: =SUM(B2:B5) -> 29 | C6: =SUM(C2:C5) -> 81 | D6: =SUM(D2:D5) -> 0 | E6: =IF(C6=0,0,D6/C6) -> 0 | F6: =SUM(F2:F5) -> 16
A8: Sprint | B8: Stories | C8: Story Points | D8: Capacity (pts) | E8: Points vs Capacity | F8: Est. Hours
A9: Sprint 1 | B9: =COUNTIF('Sprint Backlog'!$J$2:$J$30,A9) -> 12 | C9: =SUMIF('Sprint Backlog'!$J$2:$J$30,A9,'Sprint Backlog'!$I$2:$I$30) -> 39 | D9: =$B$12 -> 42 | E9: =D9-C9 -> 3 | F9: =SUMIF('Sprint Backlog'!$J$2:$J$30,A9,'Sprint Backlog'!$L$2:$L$30) -> 7.5
A10: Sprint 2 | B10: =COUNTIF('Sprint Backlog'!$J$2:$J$30,A10) -> 17 | C10: =SUMIF('Sprint Backlog'!$J$2:$J$30,A10,'Sprint Backlog'!$I$2:$I$30) -> 42 | D10: =$B$12 -> 42 | E10: =D10-C10 -> 0 | F10: =SUMIF('Sprint Backlog'!$J$2:$J$30,A10,'Sprint Backlog'!$L$2:$L$30) -> 8.5
A12: Team capacity per sprint (points) | B12: 42
A13: Assumption: capacity of 42 points per sprint is a placeholder; replace with your team's real velocity. Positive 'vs Capacity' = room left.
A14: Assumption: the 16 estimated hours were split across stories in proportion to story points, in 0.25-hour steps.

Sheet Reference Data
A1: Departments | B1: Buildings | C1: User Types (device permissions) | D1: Device Types | E1: Device Status
A2: Computer Science | B2: Science Building | C2: Student | D2: Laptop | E2: Active
A3: Mathematics | B3: Business Building | C3: Staff | D3: Desktop | E3: Repairable
A4: Biology | B4: Humanities Hall | C4: Professor | D4: Smart Board | E4: Broken
A5: Business Administration | B5: Nursing Building | C5: Inventory Administrator | D5: Laptop Cart
A6: English | B6: Library | D6: Printer
A7: Nursing | B7: Student Center | D7: Router
A8: Library Services | B8: Technology Center | D8: Network Switch
A9: IT Services | B9: IT Annex | D9: Other
A11: Default loan length (days) | B11: 14
A13: Notes / assumptions:
A14: 1. Department, building and loan-length values are assumptions; the README does not list them.
A15: 2. Admins are not tied to a department; they can see all departments.
A16: 3. Device permissions are set per device by admins (Student / Staff / Professor). A device needs at least one allowed user type.
A17: 4. Serial number is a separate field from asset ID; both must be unique.

Sheet Screen Layouts
A1: Screen | B1: Who sees it | C1: Main controls | D1: Table columns / data shown
A2: 1. Login | B2: Everyone (before sign-in) | C2: Email field, Password field, Department dropdown, Sign In button, error message label | D2: n/a
A3: 2. Device Selection | B3: Student, Staff, Professor | C3: Type filter, Assign button, Return button, Status dropdown + Save, My Device panel, Sign Out | D3: Asset ID, Type, Manufacturer, Model, Building, Room, Status (only available devices permitted for my role in my department)
A4: 3. Admin Dashboard | B4: Inventory Administrator | C4: Filters (type, department, building, status), search box, Add/Edit/Delete buttons, device form with allowed-user-type checkboxes, overdue counter, Sign Out | D4: Asset ID, Serial Number, Type, Manufacturer, Model, Department, Building, Room, Status, Assigned User, Checkout Date, Due Date, Allowed User Types
